Contract address,No. of paths,No. of concurrency pairs,Balance,No. of TXs,Note
0xc4c51de1abf5d60dbd329ec0f999fd8f021ae9fc,3,1,['122<b>.</b>054319886523360102 Ether'],['196'],[]
0x7835142df32411a7df9e9e7dbc757083d50e4715,3,1,"[""<span title='0 Ether'>0 wei</span>""]",['7'],[]
0xbe6bacb89f90523bd1d2059bb789368128242ebf,3,1,"[""<span title='0 Ether'>0 wei</span>""]",['8'],[]
0x120b087752b8da8e760a5c551c4dbed6350a81ca,4,3,"[""<span title='0 Ether'>0 wei</span>""]",[],[]
0x8bf833c61d73b53ef8c7b922b2a887cc5b02ab14,3,1,"[""<span title='0.000000000000000006 Ether'>6 wei</span>""]",[],[]
0x75649ab5b4d165531c8d2e1178e406a095176028,3,1,"[""<span title='0.05 Ether'>0<b>.</b>05 Ether</span>""]",['4'],[]
0x304e37f3e36fcf656c1d4b677daf4c2cc29f62b5,3,1,"[""<span title='0 Ether'>0 wei</span>""]",[],[]
0x24d76e09a1b82bfb7fdefa3fb0df1bab01e5b824,3,1,"[""<span title='0 Ether'>0 wei</span>""]",['3'],[]
0x7d70a32663dffca6d623626dd3e3d0acc75fc0b9,3,1,"[""<span title='0 Ether'>0 wei</span>""]",['8'],[]
0x06d830e9ebc33eb229ff3d750fa18dd1b230aa27,4,3,"[""<span title='0 Ether'>0 wei</span>""]",[],[]
0x070f98b1ec27942f613a73d9e22d0ba60e211668,3,1,"[""<span title='0 Ether'>0 wei</span>""]",['9'],[]
0x4e157555de7cdf63df367cf332adcf714346e72c,3,1,"[""<span title='0 Ether'>0 wei</span>""]",[],[]
0xf287dfe3b5d859ee75b98daf46f899e9deb5cea3,3,1,unknown,unknown,[]
0x5acc762b479be5eea52b63a6330424861901c690,3,1,unknown,unknown,[]
0x5623b8b4fdd1fcb1b71129b82f2f74a676b71bd7,3,1,unknown,unknown,[]
0x5c7fdd6c0c5d39b929f9bb085b3f6e24796abbbd,4,3,"[""<span title='0 Ether'>0 wei</span>""]",[],[]
0x6ffb4469de9d4a4118710ff6651933ee92f6b205,3,1,"[""<span title='0 Ether'>0 wei</span>""]",['3'],[]
0x5fc7a4899d908045d9b28a2d4a042d08a9a3d0a5,3,1,"[""<span title='0.000000000000000002 Ether'>2 wei</span>""]",[],[]
0x7a54ed3107a03c516fab97a800878ef7e19f801a,3,1,"[""<span title='0 Ether'>0 wei</span>""]",[],[]
0xf66edd083d591149a5c4753423c51c318ff19187,3,1,"[""<span title='0 Ether'>0 wei</span>""]",['9'],[]
0x4ffe12efb30bbe70a807cc453cd1dbbdb8030132,3,1,"[""<span title='0 Ether'>0 wei</span>""]",['5'],[]
0x91601cbab0bd60a0bc314a409da5070f135bec6e,4,3,"[""<span title='0 Ether'>0 wei</span>""]",['7'],[]
0xed4795530cda8c03b1e83e9971dfe8460db7bba6,3,1,"[""<span title='0.000000000000000006 Ether'>6 wei</span>""]",[],[]
0x12db22010940f246407881c2c00a038e55086500,3,1,"[""<span title='0 Ether'>0 wei</span>""]",[],[]
0xa4ed17dbbce7b19fb63dd2ecd9600164d7a89005,3,1,"[""<span title='0 Ether'>0 wei</span>""]",[],[]
0xb3b37379af7bc1b2a7470f4b9217498c079c6b3a,4,3,"[""<span title='0 Ether'>0 wei</span>""]",[],[]
0xd79b4c6791784184e2755b2fc1659eaab0f80456,3,1,['867<b>.</b>465394998584091743 Ether'],['279'],"['https://etherscan.io/address/0xd79b4c6791784184e2755b2fc1659eaab0f80456#code', 'HonestDice', '//contracts', 'is', 'malicious,', 'host', 'can', 'always', 'back', 'out']"
0x0a4466c6a1fcfb7b59e4ac014993dec42e1c868a,4,3,"[""<span title='0 Ether'>0 wei</span>""]",['4'],[]
0x034df87052894bbe35cbd4546fd1d3bdf7200e2f,3,1,"[""<span title='0 Ether'>0 wei</span>""]",['14'],[]
0xfe147b94a4ee2285db73d7897438a94a97be64c2,3,1,"[""<span title='0.02375 Ether'>0<b>.</b>02375 Ether</span>""]",['105'],[]
0x77b9147247626a91da497f16939c07342b303e61,3,1,"[""<span title='0 Ether'>0 wei</span>""]",[],[]
0x3f755d8d706e50a7251dfc0511b26d19ee156c78,3,1,"[""<span title='0.000000000000000007 Ether'>7 wei</span>""]",['4'],[]
0xb16acc642740372ed53af51ff7e82f1dbc5cee2d,3,1,"[""<span title='0.001 Ether'>0<b>.</b>001 Ether</span>""]",['5'],[]
0x055c62e218a91389a9a81c5773d55f5022d2f7d7,3,1,"[""<span title='0 Ether'>0 wei</span>""]",[],[]
0x151c0febeed92cd36a9694cc056595377ec3d2b2,3,1,"[""<span title='0.000000000000001 Ether'>0<b>.</b>000000000000001 Ether</span>""]",[],[]
0x3589d05a1ec4af9f65b0e5554e645707775ee43c,6,10,"[""<span title='0 Ether'>0 wei</span>""]",['57738'],"['https://github.com/lexansoft/etherid.org/blob/master/solidity/etherid.sol', 'http://etherid.org/']"
0xbf4aa23fc8a11f84f6ce07a11b1f7455b732eb1b,3,1,"[""<span title='0.01272 Ether'>0<b>.</b>01272 Ether</span>""]",['12'],[]
0x67b1e40d8e5c28b155e7fa9f7469fa03c693f74d,3,1,"[""<span title='0 Ether'>0 wei</span>""]",[],[]
0x2fe896cc2aa37f76e56695d6eeb40d5953780790,6,10,"[""<span title='0 Ether'>0 wei</span>""]",[],['https://github.com/lexansoft/etherid.org/blob/master/solidity/etherid.sol']
0xd9b49b36b2454c7f3a7f1321e58b533c1230f6a9,3,1,"[""<span title='0 Ether'>0 wei</span>""]",['12'],[]
0xa8322ba0e3de03f4d4cf108dfc5888868c14fc0b,3,1,"[""<span title='0 Ether'>0 wei</span>""]",[],[]
0xd6977ef977aba2f9a0c7c82cb7bb3707cd48aea6,3,1,"[""<span title='0 Ether'>0 wei</span>""]",[],[]
0xe75b0a9aadc13ce8d6391e72339b8c11c9730031,3,1,"[""<span title='0 Ether'>0 wei</span>""]",['3'],[]
0x87e8c81194edbe6525ca6db174a402cf9590c060,3,1,"[""<span title='0 Ether'>0 wei</span>""]",['18'],[]
0xd7993a6976ee91e89bc131e6e143d350ddad9a70,3,1,"[""<span title='0.02425 Ether'>0<b>.</b>02425 Ether</span>""]",['12'],[]
0x59375871ab51e8ffdf8d894071b330a3fa55b7d0,3,1,"[""<span title='0 Ether'>0 wei</span>""]",['14'],[]
0x0155ce35fe73249fa5d6a29f3b4b7b98732eb2ed,3,1,"[""<span title='0 Ether'>0 wei</span>""]",['29'],[]
0xf95c933c9e36e16ae46803ac694e49d367c88a73,3,1,"[""<span title='0 Ether'>0 wei</span>""]",['12'],[]
0x709013617bb52c49003a9c8f3035ef9ec9912b17,3,1,"[""<span title='0.000000000000000001 Ether'>1 wei</span>""]",[],[]
0xde071bf3b1e1ed1d4e11908229bd3ef80946d612,3,1,"[""<span title='0 Ether'>0 wei</span>""]",['3'],[]
0x9fae472904e0ae184d034dd458b47977361ee306,3,1,"[""<span title='0 Ether'>0 wei</span>""]",['12'],[]
0x08c2f6928b0027ae1582dae948109cceaf07f8a7,3,1,"[""<span title='0 Ether'>0 wei</span>""]",['6'],[]
0x6beb85656cfefba72eeb854d8fab1c313754b612,3,1,"[""<span title='0.0000000000000005 Ether'>500 wei</span>""]",[],[]
0x64f2e20e643e92b8f1b0af02053758ecb2dabcee,3,1,"[""<span title='0 Ether'>0 wei</span>""]",['4'],[]
0x3545cee43749805b1435338c9ceedf3ce1d8d985,3,1,"[""<span title='0 Ether'>0 wei</span>""]",[],[]
0xeafa196d8c30cc4b904363ff9682b742252531d9,4,3,"[""<span title='0 Ether'>0 wei</span>""]",[],[]
0x6d02e52b84bed06f4bc19a14cd8758b2b5fc35c5,4,3,"[""<span title='0 Ether'>0 wei</span>""]",[],[]
0x0f3d4aecf4b635efd266fba9063751d4fdd4d20c,3,1,"[""<span title='0 Ether'>0 wei</span>""]",['11'],[]
0xe4dd8d18ea2f0c5c33e77de90acfaf22c2792f63,3,1,"[""<span title='0.000000000000000007 Ether'>7 wei</span>""]",['12'],[]
0xcca03cbfef0332c7d29cc89a6ac31c1a815523f2,3,1,"[""<span title='0 Ether'>0 wei</span>""]",['3'],[]
0xd4eae4ae8565f3ecf218191fb267941d98a2c77a,3,1,"[""<span title='0 Ether'>0 wei</span>""]",[],[]
0x5c5b75fe74a37e9fd49eb450ffeee4a40a0fae4a,3,1,"[""<span title='0 Ether'>0 wei</span>""]",[],[]
0xbece24a27fcafbc59d74a3a42921aa15321f819a,3,1,"[""<span title='0.000000000000000002 Ether'>2 wei</span>""]",[],[]
0xfb90c9a06845b3d41c566182acff46ee72d7ad4a,4,3,"[""<span title='0 Ether'>0 wei</span>""]",['8'],[]
0xacf61dda0cf499e407a308a67b5fba88c849a730,3,1,"[""<span title='0 Ether'>0 wei</span>""]",['3'],[]
0x9d4f32fc70c0a12b05d3649ec3ce0bf60e208616,3,1,"[""<span title='0 Ether'>0 wei</span>""]",['16'],[]
0xdf373f3dab2561668e239ca6e43a8c6aaeb3f825,3,1,"[""<span title='0.000000000000000201 Ether'>201 wei</span>""]",['117'],[]
0x9858ef8b50a53e738deb9c038e58b554925783fd,3,1,"[""<span title='0 Ether'>0 wei</span>""]",['3'],[]
0xa327075af2a223a1c83a36ada1126afe7430f955,3,1,['130<b>.</b>000000000000000131 Ether'],['132'],[]
0xcb09a0f188d34fb5fc2d47984668d35523e5dfda,3,1,"[""<span title='0 Ether'>0 wei</span>""]",[],[]
0x9c2500ff0e715601b47140427d5e978cfa3007e1,3,1,"[""<span title='0 Ether'>0 wei</span>""]",['9'],[]
0x19df848c0e45e0ff7c2a78c173fd80afb195278a,3,1,"[""<span title='0 Ether'>0 wei</span>""]",['3'],[]
0x9228416897721bd56c13914b0b068e69fb1e8014,3,1,"[""<span title='0 Ether'>0 wei</span>""]",['6'],[]
0x73b0ba1c2e1286081dfbac08bcb54b56e5c9a3bb,3,1,"[""<span title='0 Ether'>0 wei</span>""]",['7'],[]
0xe1a99f2ce25f9639599d75d0bd212c1e6b0d2457,3,1,"[""<span title='0.0238571428571429 Ether'>0<b>.</b>023857142857142858 Ether</span>""]",['5'],[]
0x522fa550e1a460d9274a53270548fe8f3b958b68,3,1,"[""<span title='0 Ether'>0 wei</span>""]",[],[]
0xab7689c7be6d9b5428d6bf4c536dc699fc919260,4,3,['3<b>.</b>1 Ether'],['8'],"['https://etherchain.org/account/0x85c84c949b1c29c85b777f2873a19450dbb1a057#code', '(A', 'ponzi', 'scheme,', 'multiplier)']"
0xfc67bd301a4c698b461e5e9f26eab60d230b77a4,8,21,['2 Ether'],['3'],['https://www.reddit.com/r/ethereum/comments/3mln3k/waterfall_another_deterministic_lottery/']
0xf0e2031e24e1620a2878dfe293448f9a806bcf97,3,1,"[""<span title='0.000000000000000006 Ether'>6 wei</span>""]",[],[]
0xf8376f93fb5b45d74a217feb888a806edf6012df,4,3,"[""<span title='0.02 Ether'>0<b>.</b>02 Ether</span>""]",['4'],[]
0x7a6ac92ba2093195f3a7c8f65220c7142efa9799,3,1,unknown,unknown,[]
0x267dca3effba82115410e14e18a48eda059ebb55,3,1,"[""<span title='0.0001 Ether'>0<b>.</b>0001 Ether</span>""]",[],[]
0x0ef8a6fe45cac0e6ab8d8303617422eb10154c0e,4,3,"[""<span title='0.001 Ether'>0<b>.</b>001 Ether</span>""]",['4'],[]
0xbaa54d6e90c3f4d7ebec11bd180134c7ed8ebb52,3,1,"[""<span title='0.000000000000000116 Ether'>116 wei</span>""]",['712'],[]
0x109c4f2ccc82c4d77bde15f306707320294aea3f,3,1,['9<b>.</b>000000000000000105 Ether'],['204'],"['https://bitcointalk.org/index.php?topic=1146895.0', 'malicious,', ""doesn't"", 'return', 'fund']"
0xda7cb8567ec4dd9c1eb13f2df8b10b3de40931df,3,1,"[""<span title='0.0001 Ether'>0<b>.</b>0001 Ether</span>""]",[],[]
0xc4c5f8a9318e9ecef7ba16e5a6aee519bac1723e,3,1,"[""<span title='0 Ether'>0 wei</span>""]",['15'],[]
0xea51521b3e88cbf6c8933b81c0101683618ea18a,3,1,"[""<span title='0 Ether'>0 wei</span>""]",['10'],[]
0x4f0255319faa4a7915856300f5ff98a2fe86ae97,3,1,"[""<span title='0.06362 Ether'>0<b>.</b>06362 Ether</span>""]",['18'],[]
0x65e0dcfb441f1329485fd5aaa9c17044c103b05d,3,1,"[""<span title='0.000000000000000002 Ether'>2 wei</span>""]",[],[]
0x5fdef2af54a909fa431f78cca795052e9fb1aba7,3,1,"[""<span title='0 Ether'>0 wei</span>""]",['6'],[]
0x57f7dc10bfe2152f1a087994b29c2599723b9921,3,1,"[""<span title='0 Ether'>0 wei</span>""]",['12'],[]
0xa5550b4a4e8b105275460a7373a7398091858e39,3,1,"[""<span title='0 Ether'>0 wei</span>""]",['4'],[]
0xb0533d8a5dd60882a08905b71201781cc5875390,3,1,"[""<span title='0 Ether'>0 wei</span>""]",[],[]
0xdf595d10e76effabb38fb3ddfaf89a4bd50acf0f,3,1,"[""<span title='0 Ether'>0 wei</span>""]",['9'],[]
0xe7b3a5522a9e1fbfc7ccc77b8f0b56c341c76498,3,1,"[""<span title='0 Ether'>0 wei</span>""]",['6'],[]
0x07d0a5ebb9127147dd8f263cb68926d1c3d1e87c,3,1,"[""<span title='0 Ether'>0 wei</span>""]",['4'],[]
0x4ba53269e52c9d18eedf97992d53d38fe79e764b,3,1,"[""<span title='0 Ether'>0 wei</span>""]",[],[]
0x846d85967e28871ba4a02828492cb1a025f5b7f2,3,1,"[""<span title='0 Ether'>0 wei</span>""]",[],[]
0xc8b0358460dd8cd3a58db9389fedb0955f5e59b0,3,1,"[""<span title='0.0001 Ether'>0<b>.</b>0001 Ether</span>""]",[],[]
0x20662c700899359ec95648643e8b83cec0915c8e,3,1,"[""<span title='0 Ether'>0 wei</span>""]",['18'],[]
0xd9ccf0f2476e2a98e298223c578e60db2e4ceb28,3,1,"[""<span title='0 Ether'>0 wei</span>""]",['3'],[]
0x1430236a73a97654bfb6851eb7e8facdfbe2cdb5,3,1,"[""<span title='0.000000000000000007 Ether'>7 wei</span>""]",['4'],[]
0x8b953a3fa6fa60ec352d33801f8fc146ec2c9322,4,3,"[""<span title='0 Ether'>0 wei</span>""]",[],[]
0x5c8ac422c5dc9e49a362daf9558a229a0ac4a3d4,5,6,"[""<span title='0 Ether'>0 wei</span>""]",['4'],[]
0x63990ffd8133cdc5b202eef18c52ef05f6c87843,3,1,"[""<span title='0.000000000000000003 Ether'>3 wei</span>""]",['5'],[]
0xd0ed093408af5417fdfac9625d3aeacb03300b48,3,1,"[""<span title='0 Ether'>0 wei</span>""]",['9'],[]
0x02ad2003dbb5eb291b812af7e46ba8ec25795fb5,3,1,"[""<span title='0 Ether'>0 wei</span>""]",['11'],[]
0x7559d08c01f80014220dcdfdbfc943519fe8a3a6,3,1,"[""<span title='0 Ether'>0 wei</span>""]",[],[]
0x85c84c949b1c29c85b777f2873a19450dbb1a057,4,3,['1<b>.</b>22 Ether'],['65'],['https://etherchain.org/account/0x85c84c949b1c29c85b777f2873a19450dbb1a057#code']
0x1e6fe309757a68497de95a6cdab524f94266c214,3,1,"[""<span title='0 Ether'>0 wei</span>""]",[],[]
0x0945a548467329e7d8603bee6dc55feb1af84349,3,1,"[""<span title='0 Ether'>0 wei</span>""]",[],[]
0x896f1a38cc6fe7386db5ab3823acd2b43b0db8ff,5,6,"[""<span title='0 Ether'>0 wei</span>""]",['9'],[]
0x05e461505e65579b1c3aac742bff3a5c59bb744f,3,1,"[""<span title='0 Ether'>0 wei</span>""]",[],[]
0xc7e2ad6a152e2f6becd06017074e915024e49c8b,3,1,"[""<span title='0 Ether'>0 wei</span>""]",[],[]
0x0917ce31fb68b17474b18e5cec73e1a2775f8405,4,3,"[""<span title='0 Ether'>0 wei</span>""]",['86'],[]
0x9e15f66b34edc3262796ef5e4d27139c931223f0,3,1,"[""<span title='0.00999999999999998 Ether'>0<b>.</b>00999999999999998 Ether</span>""]",['10'],[]
0x0754bd25e90a50a639ba5cd216d29702124b5b3c,4,3,"[""<span title='0 Ether'>0 wei</span>""]",['4'],[]
0x68c25d5af675f43772945510efea1c5ff3385313,3,1,"[""<span title='0 Ether'>0 wei</span>""]",[],[]
0x4abc539ee0c73725256391bf0eb3fda72e8a59ad,3,1,"[""<span title='0.000000000000000013 Ether'>13 wei</span>""]",['4'],[]
0x990bd57cfa109ccb3fc3178c0ca4aec99cd3b666,4,3,"[""<span title='0 Ether'>0 wei</span>""]",['3'],[]
0x3d4a5a4b17fe525026adccb019eae2e437468000,3,1,"[""<span title='0 Ether'>0 wei</span>""]",['3'],[]
0x212ee0a5b703a99c0b3479d4cdfb2d2bc2f91fe0,3,1,"[""<span title='0 Ether'>0 wei</span>""]",['4'],[]
0x798cbcd4c8d90a1eb3eb0a34b83e0e0a3e507854,3,1,"[""<span title='0 Ether'>0 wei</span>""]",['5'],[]
0x4364eff50d20ca13ec7ec6e9b0f7529a1f39df3c,3,1,['1 Ether'],['3'],[]
0x28dc763f96b8a585326c7f5b9e824d14dc8ed45b,4,3,"[""<span title='0.00999933874842262 Ether'>0<b>.</b>009999338748422624 Ether</span>""]",['14'],[]
0x88a91fd7fb8aaea8cdad2c990f1dbdcd28022a02,3,1,"[""<span title='0 Ether'>0 wei</span>""]",['21'],[]
0x2ba9d183adc45926ab849d5a9f3e5d5a1eaf0d85,3,1,"[""<span title='0 Ether'>0 wei</span>""]",[],[]
0xa9340192a30a64978cd8dc131071ce66019d50fc,4,3,"[""<span title='0 Ether'>0 wei</span>""]",[],[]
0xf1698d6d2764de194ce06cab73635877d6136076,3,1,"[""<span title='0 Ether'>0 wei</span>""]",['4'],[]
0xdc00a9f92e9ea5cba399b026775e64596215861f,3,1,"[""<span title='0.0425 Ether'>0<b>.</b>0425 Ether</span>""]",['9'],[]
0x6e541afadf3bee02acb31502900d73bd2037e651,4,3,"[""<span title='0 Ether'>0 wei</span>""]",[],[]
0x3fb587c373414432b4ed33a074b47ce70abb9815,3,1,"[""<span title='0 Ether'>0 wei</span>""]",['4'],[]
0xceb5b872db943553a3c2c8a826ded7fab74dbad5,3,1,"[""<span title='0 Ether'>0 wei</span>""]",['9'],[]
0x238152d0ed1166d983b68506da823f0174026680,3,1,"[""<span title='0.000000000000000004 Ether'>4 wei</span>""]",[],[]
0xc2822b283c74012d08888997cf66fadd1ca0b8c5,3,1,"[""<span title='0.000000000000000011 Ether'>11 wei</span>""]",['7'],[]
0x2a3eb4a7b494ab6cdb9d0e247888f4b3b1527a0b,3,1,"[""<span title='0 Ether'>0 wei</span>""]",[],[]
0x69eb33ef1d6d0824f00abb999ac54a9efba9b680,3,1,"[""<span title='0.000000000000000006 Ether'>6 wei</span>""]",[],[]
0xa46f385e79c13449ffad2ab75073d7a616626d7d,3,1,"[""<span title='0.0128849375080531 Ether'>0<b>.</b>012884937508053086 Ether</span>""]",[],[]
0xc43e22769da77750e94165365334af8d31fe8f9c,3,1,"[""<span title='0.00299091820987654 Ether'>0<b>.</b>002990918209876544 Ether</span>""]",['11'],[]
0xb4be90444647e40b7a4b2195be0c69a798caaf68,3,1,"[""<span title='0 Ether'>0 wei</span>""]",[],[]
0x28102aa8f4879eb36966e857d1b8c438e600f254,3,1,unknown,unknown,[]
0xc99c2259ade8e6c934e02a63b905d3ea8135079c,3,1,"[""<span title='0 Ether'>0 wei</span>""]",[],[]
0x7f87f0c1f6b845c65cddafe0af51d3e6387ad2f9,3,1,"[""<span title='0 Ether'>0 wei</span>""]",['6'],[]
0xbf6ec2fc6480df4ffa1767534fa32dbca281e572,3,1,"[""<span title='0 Ether'>0 wei</span>""]",['7'],[]
0x2dd13bdced3f4caac13b64380937337f6cc5b6a6,3,1,"[""<span title='0 Ether'>0 wei</span>""]",[],[]
0xaf5558b1b834be59b9ff94e05c17bae9257c9bf1,3,1,"[""<span title='0.05 Ether'>0<b>.</b>05 Ether</span>""]",['3'],[]
0x7153fdeef24e488af4dc001f620407764ee47747,3,1,['1<b>.</b>00000000000001 Ether'],['8'],[]
0x93d38e72c5281e78f6b364eacac6fa907ecba164,4,3,"[""<span title='0.0000000000000027 Ether'>0<b>.</b>0000000000000027 Ether</span>""]",['7'],[]
0xb86a36e3e0d2e8132f5798119148edef957e1912,3,1,"[""<span title='0 Ether'>0 wei</span>""]",['16'],[]
0xd2826004ee7c528bc50bdcecbd22226c0a754722,3,1,"[""<span title='0.000000000000000016 Ether'>16 wei</span>""]",['4'],[]
0x7dd677b54fc954824a7bc49bd26cbdfa12c75adf,3,1,['8<b>.</b>996211220968349169 Ether'],['3'],[]
0x5ef9a933f46b936bed4fddd6672cb98bcb0d3b23,3,1,"[""<span title='0 Ether'>0 wei</span>""]",['3'],[]
0xa2d3e04d23d122ed57cbe027b1829f497672de73,3,1,"[""<span title='0.0001 Ether'>0<b>.</b>0001 Ether</span>""]",[],[]
0xe6d67a9f41b820072cd0764117792691f6112eec,3,1,"[""<span title='0 Ether'>0 wei</span>""]",['3'],[]
0x5fc8aefc86884f0792995c015ff12647fafa0d83,4,3,"[""<span title='0 Ether'>0 wei</span>""]",['3'],[]
0xccb0d7f165864b88205d84507f3b75ef03d74fed,4,3,"[""<span title='0.02 Ether'>0<b>.</b>02 Ether</span>""]",['4'],[]
0x9749fa4f63f8d4ae74fc5a5f69fc1cd7d85beabd,3,1,"[""<span title='0 Ether'>0 wei</span>""]",['3'],[]
0x732c0bcab73bb4a8ef2b21be11285232f358584d,3,1,"[""<span title='0.001 Ether'>0<b>.</b>001 Ether</span>""]",['5'],[]
0x9ca7e991a96aad88a7eef8b4e65febebe1fa8bb4,3,1,"[""<span title='0 Ether'>0 wei</span>""]",[],[]
0xa7ccc24fac44cc181f7bf352de8f468d8bd9cd63,3,1,"[""<span title='0 Ether'>0 wei</span>""]",['3'],[]
0x41ced0249967fb4c585b10aae4956aed0cc20d17,3,1,"[""<span title='0 Ether'>0 wei</span>""]",['3'],[]
0xd8054b670449e2e9b7288fab5feb3eb7aaaa7062,3,1,"[""<span title='0 Ether'>0 wei</span>""]",[],[]
0x50c23d40170d612979f02f422938a00b3d47bea1,3,1,"[""<span title='0 Ether'>0 wei</span>""]",[],[]
0xb0df134583628499f449aa9afe9015e24a6e3187,3,1,"[""<span title='0 Ether'>0 wei</span>""]",[],[]
0x8b847003a64cbf1a82c3e7dc6ad9df9c03f9cd73,4,3,"[""<span title='0 Ether'>0 wei</span>""]",[],[]
0x2375d25aa38396c8a1bcf18325b3ac01eab8f777,3,1,"[""<span title='0.000000000000000006 Ether'>6 wei</span>""]",[],[]
0x4abc14efad9a7a84a0a9ef6e1a782c43a9e3f550,3,1,"[""<span title='0.0014 Ether'>0<b>.</b>0014 Ether</span>""]",['7'],[]
0x4557f35b137145e7b4b605836f9bd217d23c166a,3,1,"[""<span title='0.00000000000000002 Ether'>20 wei</span>""]",['9'],[]
0x5370256cbdfe3d19f5af3d4b69dfac12ff3dae46,3,1,"[""<span title='0 Ether'>0 wei</span>""]",[],[]
0xaadd420d7b778b188a96904c0afe3a4cf823a747,3,1,"[""<span title='0 Ether'>0 wei</span>""]",['3'],[]
0x67c854ecdfc74f2004116403eb5a6712651cd03a,4,3,"[""<span title='0.000000000000000007 Ether'>7 wei</span>""]",['5'],[]
0x675e2c143295b8683b5aed421329c4df85f91b33,3,1,"[""<span title='0 Ether'>0 wei</span>""]",['4'],[]
0xad5e5a5bc4654dbef0d5cabd7abeb426769c073a,3,1,"[""<span title='0.000000000000000021 Ether'>21 wei</span>""]",['35'],[]
0xfc8a24079097ef839d922adb3dff1d2b3112b5e1,3,1,"[""<span title='0 Ether'>0 wei</span>""]",['3'],[]
0x38ac81460ae7ff8b50e1ee6e4beaae8f9722049b,3,1,"[""<span title='0 Ether'>0 wei</span>""]",['6'],[]
0x6b4f92a70ef5b18fd7e501d57e05d9a7f222cf44,3,1,"[""<span title='0.000000000000000002 Ether'>2 wei</span>""]",[],[]
0x083bd70f1948c9cca270ce2cddc036e24a922ae8,4,3,"[""<span title='0.000000000000000009 Ether'>9 wei</span>""]",['6'],[]
0x5f7496281485b05efaff759e635eadd05f258ce1,3,1,"[""<span title='0.000000000000000004 Ether'>4 wei</span>""]",['21'],[]
0x66307e74a625c7bca13c156bfd9a2c25800c9271,3,1,"[""<span title='0 Ether'>0 wei</span>""]",[],[]
0x3269b0bf206f21389f7eaade5d70f11e72b45723,3,1,"[""<span title='0 Ether'>0 wei</span>""]",['10'],[]
0xa477e3e09a06a585e9725afdc65048ffb8e9f104,3,1,"[""<span title='0.000000000000000002 Ether'>2 wei</span>""]",[],[]
0x9b2b545691caffb8a16ba848f265f04f34e16748,3,1,"[""<span title='0 Ether'>0 wei</span>""]",[],[]
0x4eaffb2b5436d10d8d1c75f4d3de552174130e0b,3,1,"[""<span title='0 Ether'>0 wei</span>""]",[],[]
0x15d3d752d7542f8caaf43bcd0eed59d1e1f85a79,3,1,"[""<span title='0 Ether'>0 wei</span>""]",['25'],[]
0x667429012ac34e03ba0889fd794d31dd92b53465,3,1,"[""<span title='0 Ether'>0 wei</span>""]",[],[]
0x5389c89f8a136dc7896f18b93c00f716a3e7e3a0,4,3,"[""<span title='0.281 Ether'>0<b>.</b>281 Ether</span>""]",['4'],[]
0x1ec73eb2bab4a3fbc35997b0c3dff1a8c4076ece,3,1,"[""<span title='0 Ether'>0 wei</span>""]",['7'],[]
0xd8ec95d192282ea097e41cc7f40b5d073a15d6a4,3,1,"[""<span title='0 Ether'>0 wei</span>""]",[],[]
0xdac273cd7213f4e0c812cfa4f0d1b70bbb4bf515,3,1,"[""<span title='0 Ether'>0 wei</span>""]",['8'],[]
0x94ea0779a59afdd074c493e5cd23ad2ed408ac51,3,1,"[""<span title='0.000000000000000006 Ether'>6 wei</span>""]",[],[]
0x64160ad5ff632457cd3dc8788ee83e97e3a88abb,3,1,"[""<span title='0 Ether'>0 wei</span>""]",['3'],[]
0xf6c3e5e0953c2282a0aaa5e85d2a4d66f5f74928,3,1,"[""<span title='0.0001 Ether'>0<b>.</b>0001 Ether</span>""]",[],[]
0x8dd3da3fab45051ed2cd677c0e53c9de0011944c,3,1,"[""<span title='0 Ether'>0 wei</span>""]",['4'],[]
